2015-06-08 09:38:58.000+0000,82.00
2015-06-08 09:43:59.000+0000,94.00
2015-06-08 09:48:59.000+0000,78.00
2015-06-08 09:54:13.000+0000,85.00
2015-06-08 09:58:58.000+0000,132.00
2015-06-08 10:23:59.000+0000,122.00
2015-06-08 10:28:59.000+0000,101.00
2015-06-08 10:34:13.000+0000,85.00
2015-06-08 10:38:57.000+0000,87.00
2015-06-08 10:43:57.000+0000,110.00
2015-06-08 10:48:57.000+0000,101.00
2015-06-08 10:54:12.000+0000,91.00
2015-06-08 10:58:58.000+0000,83.00
2015-06-08 11:03:57.000+0000,87.00
2015-06-08 11:08:58.000+0000,86.00
2015-06-08 11:14:00.000+0000,89.00
2015-06-08 11:18:59.000+0000,78.00
2015-06-08 11:23:59.000+0000,72.00
2015-06-08 11:28:59.000+0000,77.00
2015-06-08 11:34:00.000+0000,76.00
2015-06-08 11:38:58.000+0000,74.00
2015-06-08 11:43:57.000+0000,70.00
2015-06-08 11:48:57.000+0000,78.00
2015-06-08 11:53:58.000+0000,70.00
2015-06-08 11:58:58.000+0000,77.00
2015-06-08 12:03:58.000+0000,69.00
2015-06-08 12:08:59.000+0000,67.00
2015-06-08 12:13:59.000+0000,70.00
2015-06-08 12:18:58.000+0000,88.00
2015-06-08 12:23:59.000+0000,74.00
2015-06-08 12:28:59.000+0000,78.00
2015-06-08 12:33:59.000+0000,72.00
2015-06-08 12:38:58.000+0000,80.00
2015-06-08 12:43:59.000+0000,80.00
2015-06-08 12:48:58.000+0000,79.00
2015-06-08 12:53:59.000+0000,82.00
2015-06-08 12:58:58.000+0000,72.00
2015-06-08 15:53:59.000+0000,128.00
2015-06-08 15:58:59.000+0000,107.00
2015-06-08 16:03:59.000+0000,89.00
2015-06-08 13:03:59.000+0000,75.00
2015-06-08 13:08:58.000+0000,71.00
2015-06-08 13:13:59.000+0000,82.00
2015-06-08 13:18:58.000+0000,70.00
2015-06-08 13:23:58.000+0000,75.00
2015-06-08 13:28:58.000+0000,75.00
2015-06-08 13:34:00.000+0000,72.00
2015-06-08 13:38:59.000+0000,74.00
2015-06-08 13:43:58.000+0000,70.00
2015-06-08 13:48:59.000+0000,91.00
2015-06-08 13:54:00.000+0000,75.00
2015-06-08 13:58:59.000+0000,77.00
2015-06-08 14:03:59.000+0000,74.00
2015-06-08 14:09:00.000+0000,101.00
2015-06-08 14:14:01.000+0000,77.00
2015-06-08 14:18:59.000+0000,77.00
2015-06-08 14:23:59.000+0000,78.00
2015-06-08 14:29:00.000+0000,64.00
2015-06-08 14:34:00.000+0000,154.00
2015-06-08 14:38:58.000+0000,64.00
2015-06-08 14:43:59.000+0000,77.00
2015-06-08 14:48:59.000+0000,67.00
2015-06-08 14:54:00.000+0000,67.00
2015-06-08 15:03:59.000+0000,74.00
2015-06-08 15:08:59.000+0000,82.00
2015-06-08 15:14:00.000+0000,82.00
2015-06-08 15:18:59.000+0000,69.00
2015-06-08 15:23:59.000+0000,72.00
2015-06-08 15:28:59.000+0000,71.00
2015-06-08 15:34:00.000+0000,101.00
2015-06-08 16:23:58.000+0000,98.00
2015-06-08 16:28:58.000+0000,82.00
2015-06-08 16:33:59.000+0000,83.00
2015-06-08 16:44:00.000+0000,95.00
2015-06-08 19:44:00.000+0000,77.00
2015-06-08 19:49:00.000+0000,74.00
2015-06-08 19:54:01.000+0000,77.00
2015-06-08 16:59:00.000+0000,77.00
2015-06-08 17:19:00.000+0000,78.00
2015-06-08 17:23:59.000+0000,80.00
2015-06-08 17:29:00.000+0000,89.00
2015-06-08 17:34:01.000+0000,87.00
2015-06-08 17:44:00.000+0000,84.00
2015-06-08 17:54:01.000+0000,89.00
2015-06-08 17:59:00.000+0000,100.00
2015-06-08 18:09:00.000+0000,101.00
2015-06-08 18:14:01.000+0000,132.00
2015-06-08 18:24:00.000+0000,94.00
2015-06-08 18:29:00.000+0000,104.00
2015-06-08 18:34:01.000+0000,87.00
2015-06-08 18:39:00.000+0000,101.00
2015-06-08 18:54:00.000+0000,104.00
2015-06-08 19:04:00.000+0000,110.00
2015-06-08 19:09:00.000+0000,85.00
2015-06-08 19:14:00.000+0000,77.00
2015-06-08 19:19:00.000+0000,82.00
2015-06-08 19:24:00.000+0000,80.00
2015-06-08 19:29:00.000+0000,72.00
2015-06-08 19:34:01.000+0000,83.00
2015-06-08 19:39:00.000+0000,93.00
2015-06-08 19:59:00.000+0000,77.00
2015-06-08 20:04:00.000+0000,78.00
2015-06-08 20:08:59.000+0000,78.00
2015-06-08 20:14:00.000+0000,83.00
2015-06-08 20:18:59.000+0000,74.00
2015-06-08 23:39:00.000+0000,56.00
2015-06-08 20:23:59.000+0000,74.00
2015-06-08 20:28:59.000+0000,75.00
2015-06-08 20:34:00.000+0000,77.00
2015-06-08 20:39:00.000+0000,83.00
2015-06-08 20:44:00.000+0000,83.00
2015-06-08 20:49:00.000+0000,77.00
2015-06-08 20:54:00.000+0000,69.00
2015-06-08 20:59:00.000+0000,70.00
2015-06-08 21:04:00.000+0000,72.00
2015-06-08 21:09:00.000+0000,75.00
2015-06-08 21:14:01.000+0000,91.00
2015-06-08 21:24:00.000+0000,91.00
2015-06-08 21:29:00.000+0000,64.00
2015-06-08 21:34:00.000+0000,69.00
2015-06-08 21:44:00.000+0000,66.00
2015-06-08 21:49:00.000+0000,71.00
2015-06-08 21:54:00.000+0000,71.00
2015-06-08 21:59:00.000+0000,68.00
2015-06-08 22:04:00.000+0000,70.00
2015-06-08 22:09:00.000+0000,70.00
2015-06-08 22:14:01.000+0000,70.00
2015-06-08 22:19:00.000+0000,69.00
2015-06-08 22:24:00.000+0000,65.00
2015-06-08 22:29:00.000+0000,67.00
2015-06-08 22:34:00.000+0000,71.00
2015-06-08 22:39:00.000+0000,67.00
2015-06-08 22:44:00.000+0000,69.00
2015-06-08 22:49:00.000+0000,74.00
2015-06-08 22:54:00.000+0000,72.00
2015-06-08 23:09:00.000+0000,66.00
2015-06-08 23:14:01.000+0000,60.00
2015-06-08 23:19:00.000+0000,77.00
2015-06-08 23:29:00.000+0000,63.00
2015-06-08 23:34:01.000+0000,98.00
2015-06-08 23:59:00.000+0000,55.00
2015-06-09 00:04:00.000+0000,53.00
2015-06-09 03:14:00.000+0000,53.00
2015-06-09 03:44:06.000+0000,50.00
2015-06-09 06:59:07.000+0000,55.00
2015-06-09 07:04:07.000+0000,56.00
2015-06-09 00:14:00.000+0000,55.00
2015-06-09 00:39:00.000+0000,71.00
2015-06-09 00:44:01.000+0000,84.00
2015-06-09 00:49:00.000+0000,53.00
2015-06-09 00:54:01.000+0000,60.00
2015-06-09 00:59:00.000+0000,55.00
2015-06-09 01:29:01.000+0000,79.00
2015-06-09 01:34:01.000+0000,83.00
2015-06-09 01:39:01.000+0000,96.00
2015-06-09 01:44:06.000+0000,167.00
2015-06-09 02:04:06.000+0000,90.00
2015-06-09 02:09:06.000+0000,52.00
2015-06-09 02:14:07.000+0000,54.00
2015-06-09 02:19:07.000+0000,56.00
2015-06-09 02:24:07.000+0000,132.00
2015-06-09 02:29:07.000+0000,57.00
2015-06-09 02:39:07.000+0000,69.00
2015-06-09 02:54:07.000+0000,57.00
2015-06-09 02:59:07.000+0000,84.00
2015-06-09 03:04:07.000+0000,55.00
2015-06-09 04:24:07.000+0000,96.00
2015-06-09 04:29:07.000+0000,54.00
2015-06-09 04:34:07.000+0000,148.00
2015-06-09 04:39:07.000+0000,54.00
2015-06-09 04:44:07.000+0000,55.00
2015-06-09 05:04:07.000+0000,61.00
2015-06-09 05:24:07.000+0000,50.00
2015-06-09 05:29:07.000+0000,53.00
2015-06-09 05:34:07.000+0000,88.00
2015-06-09 05:49:07.000+0000,54.00
2015-06-09 05:54:07.000+0000,53.00
2015-06-09 06:04:07.000+0000,94.00
2015-06-09 06:14:07.000+0000,65.00
2015-06-09 06:19:07.000+0000,67.00
2015-06-09 06:29:07.000+0000,66.00
2015-06-09 06:34:07.000+0000,72.00
2015-06-09 06:39:07.000+0000,53.00
2015-06-09 06:44:07.000+0000,55.00
2015-06-09 06:49:07.000+0000,59.00
2015-06-09 07:09:07.000+0000,53.00
2015-06-09 07:14:07.000+0000,56.00
2015-06-09 07:19:07.000+0000,53.00
2015-06-09 07:24:07.000+0000,54.00
2015-06-09 07:29:07.000+0000,53.00
2015-06-09 07:34:07.000+0000,55.00
2015-06-09 07:39:07.000+0000,54.00
2015-06-09 10:49:09.000+0000,65.00
2015-06-09 10:54:09.000+0000,74.00
2015-06-09 10:59:09.000+0000,61.00
2015-06-09 11:04:09.000+0000,66.00
2015-06-09 07:44:07.000+0000,70.00
2015-06-09 07:49:07.000+0000,101.00
2015-06-09 07:54:07.000+0000,107.00
2015-06-09 07:59:07.000+0000,94.00
2015-06-09 08:04:07.000+0000,67.00
2015-06-09 08:09:07.000+0000,85.00
2015-06-09 08:14:07.000+0000,95.00
2015-06-09 08:39:08.000+0000,87.00
2015-06-09 08:44:08.000+0000,84.00
2015-06-09 08:49:07.000+0000,78.00
2015-06-09 08:54:07.000+0000,72.00
2015-06-09 08:59:07.000+0000,72.00
2015-06-09 09:04:07.000+0000,73.00
2015-06-09 09:09:07.000+0000,74.00
2015-06-09 09:14:07.000+0000,74.00
2015-06-09 09:19:07.000+0000,70.00
2015-06-09 09:24:07.000+0000,69.00
2015-06-09 09:29:07.000+0000,67.00
2015-06-09 09:39:07.000+0000,87.00
2015-06-09 09:44:07.000+0000,67.00
2015-06-09 09:54:07.000+0000,69.00
2015-06-09 09:59:07.000+0000,67.00
2015-06-09 10:04:07.000+0000,70.00
2015-06-09 10:14:07.000+0000,60.00
2015-06-09 10:19:09.000+0000,59.00
2015-06-09 10:29:09.000+0000,73.00
2015-06-09 10:34:09.000+0000,66.00
2015-06-09 10:39:09.000+0000,59.00
2015-06-09 11:14:09.000+0000,74.00
2015-06-09 11:24:09.000+0000,87.00
2015-06-09 11:29:09.000+0000,74.00
2015-06-09 11:34:09.000+0000,67.00
2015-06-09 11:39:09.000+0000,76.00
2015-06-09 11:44:09.000+0000,66.00
2015-06-09 11:54:09.000+0000,73.00
2015-06-09 11:59:09.000+0000,113.00
2015-06-09 12:14:09.000+0000,78.00
2015-06-09 12:19:09.000+0000,69.00
2015-06-09 12:24:09.000+0000,66.00
2015-06-09 12:29:09.000+0000,69.00
2015-06-09 12:34:09.000+0000,65.00
2015-06-09 12:39:09.000+0000,66.00
2015-06-09 12:49:13.000+0000,71.00
2015-06-09 12:54:12.000+0000,63.00
2015-06-09 12:59:12.000+0000,73.00
2015-06-09 13:14:12.000+0000,64.00
2015-06-09 13:19:12.000+0000,62.00
2015-06-09 13:24:12.000+0000,70.00
2015-06-09 13:29:12.000+0000,67.00
2015-06-09 13:34:12.000+0000,67.00
2015-06-09 13:49:12.000+0000,58.00
2015-06-09 13:54:12.000+0000,61.00
2015-06-09 13:59:12.000+0000,62.00
2015-06-09 14:09:12.000+0000,116.00
2015-06-09 14:14:12.000+0000,124.00
2015-06-09 14:19:12.000+0000,69.00
2015-06-09 14:29:12.000+0000,62.00
2015-06-09 14:39:12.000+0000,66.00
2015-06-09 14:44:12.000+0000,70.00
2015-06-09 14:54:12.000+0000,80.00
2015-06-09 14:59:12.000+0000,69.00
2015-06-09 15:19:12.000+0000,67.00
2015-06-09 15:24:12.000+0000,83.00
2015-06-09 15:29:12.000+0000,60.00
2015-06-09 15:34:12.000+0000,61.00
2015-06-09 15:39:12.000+0000,69.00
2015-06-09 15:44:12.000+0000,58.00
2015-06-09 15:49:05.000+0000,62.00
2015-06-09 15:54:13.000+0000,70.00
2015-06-09 15:59:13.000+0000,137.00
2015-06-09 16:34:12.000+0000,75.00
2015-06-09 16:39:12.000+0000,75.00
2015-06-09 16:44:12.000+0000,59.00
2015-06-09 16:54:13.000+0000,66.00
2015-06-09 16:59:13.000+0000,59.00
2015-06-09 17:19:13.000+0000,88.00
2015-06-09 17:24:17.000+0000,87.00
2015-06-09 17:29:17.000+0000,87.00
2015-06-09 17:34:17.000+0000,94.00
2015-06-09 17:39:17.000+0000,77.00
2015-06-09 17:54:17.000+0000,78.00
2015-06-09 18:09:17.000+0000,101.00
2015-06-09 18:24:17.000+0000,120.00
2015-06-09 18:29:17.000+0000,62.00
2015-06-09 18:34:17.000+0000,63.00
2015-06-09 18:39:17.000+0000,70.00
2015-06-09 18:44:17.000+0000,63.00
2015-06-09 18:49:17.000+0000,63.00
2015-06-09 18:54:17.000+0000,74.00
2015-06-09 19:04:17.000+0000,71.00
2015-06-09 19:09:17.000+0000,62.00
2015-06-09 19:19:17.000+0000,61.00
2015-06-09 19:24:18.000+0000,73.00
2015-06-09 19:29:18.000+0000,66.00
2015-06-09 19:49:18.000+0000,85.00
2015-06-09 19:54:03.000+0000,74.00
2015-06-09 19:59:03.000+0000,57.00
2015-06-09 20:04:04.000+0000,67.00
2015-06-09 20:14:03.000+0000,107.00
2015-06-09 20:24:04.000+0000,58.00
2015-06-09 20:34:05.000+0000,98.00
2015-06-09 20:39:05.000+0000,78.00
2015-06-09 20:49:04.000+0000,69.00
2015-06-09 20:54:03.000+0000,69.00
2015-06-09 20:59:03.000+0000,66.00
2015-06-09 21:04:03.000+0000,60.00
2015-06-09 21:14:03.000+0000,64.00
2015-06-09 21:24:04.000+0000,83.00
2015-06-09 21:29:03.000+0000,75.00
2015-06-09 21:39:03.000+0000,87.00
2015-06-09 21:44:03.000+0000,66.00
2015-06-09 21:49:03.000+0000,56.00
2015-06-09 21:54:05.000+0000,57.00
2015-06-09 22:04:04.000+0000,87.00
2015-06-09 22:09:04.000+0000,104.00
2015-06-09 22:19:04.000+0000,57.00
2015-06-09 22:29:04.000+0000,58.00
2015-06-09 22:34:04.000+0000,55.00
2015-06-09 22:49:04.000+0000,98.00
2015-06-09 22:54:04.000+0000,100.00
2015-06-09 22:59:04.000+0000,58.00
2015-06-09 23:09:05.000+0000,54.00
2015-06-09 23:14:04.000+0000,77.00
2015-06-09 23:19:04.000+0000,94.00
2015-06-09 23:29:04.000+0000,85.00
2015-06-09 23:34:04.000+0000,53.00
2015-06-09 23:49:04.000+0000,95.00
2015-06-09 23:59:04.000+0000,140.00
2015-06-10 00:04:04.000+0000,96.00
2015-06-10 00:14:05.000+0000,94.00
2015-06-10 00:19:04.000+0000,97.00
2015-06-10 00:39:04.000+0000,53.00
2015-06-10 00:44:04.000+0000,52.00
2015-06-10 00:54:05.000+0000,53.00
2015-06-10 01:09:05.000+0000,54.00
2015-06-10 01:14:05.000+0000,62.00
2015-06-10 01:19:06.000+0000,61.00
2015-06-10 01:24:04.000+0000,63.00
2015-06-10 01:29:04.000+0000,56.00
2015-06-10 01:39:04.000+0000,49.00
2015-06-10 01:59:04.000+0000,160.00
2015-06-10 02:29:04.000+0000,51.00
2015-06-10 02:34:04.000+0000,116.00
2015-06-10 02:39:05.000+0000,52.00
2015-06-10 02:44:04.000+0000,91.00
2015-06-10 02:49:04.000+0000,61.00
2015-06-10 02:54:05.000+0000,62.00
2015-06-10 02:59:05.000+0000,58.00
2015-06-10 03:04:05.000+0000,57.00
2015-06-10 03:09:05.000+0000,54.00
2015-06-10 03:14:05.000+0000,107.00
2015-06-10 03:19:06.000+0000,142.00
2015-06-10 03:29:07.000+0000,53.00
2015-06-10 03:44:07.000+0000,54.00
2015-06-10 03:54:07.000+0000,167.00
2015-06-10 03:59:08.000+0000,53.00
2015-06-10 04:04:08.000+0000,83.00
2015-06-10 04:14:08.000+0000,52.00
2015-06-10 04:24:08.000+0000,71.00
2015-06-10 04:34:07.000+0000,67.00
2015-06-10 04:44:07.000+0000,50.00
2015-06-10 04:49:07.000+0000,54.00
2015-06-10 04:54:07.000+0000,63.00
2015-06-10 05:09:08.000+0000,56.00
2015-06-10 05:14:08.000+0000,59.00
2015-06-10 05:19:08.000+0000,49.00
2015-06-10 05:24:08.000+0000,51.00
2015-06-10 05:29:08.000+0000,52.00
2015-06-10 05:49:08.000+0000,85.00
2015-06-10 06:14:14.000+0000,91.00
2015-06-10 06:24:14.000+0000,56.00
2015-06-10 06:34:14.000+0000,57.00
2015-06-10 06:39:14.000+0000,78.00
2015-06-10 06:44:14.000+0000,55.00
2015-06-10 06:49:14.000+0000,60.00
2015-06-10 06:54:14.000+0000,58.00
2015-06-10 06:59:20.000+0000,86.00
2015-06-10 07:24:20.000+0000,84.00
2015-06-10 07:29:20.000+0000,71.00
2015-06-10 07:34:20.000+0000,52.00
2015-06-10 07:39:20.000+0000,87.00
2015-06-10 07:44:20.000+0000,53.00
2015-06-10 07:49:20.000+0000,67.00
2015-06-10 07:54:20.000+0000,72.00
2015-06-10 07:59:20.000+0000,89.00
2015-06-10 08:04:20.000+0000,105.00
2015-06-10 08:09:20.000+0000,83.00
2015-06-10 08:14:20.000+0000,85.00
2015-06-10 08:19:20.000+0000,65.00
2015-06-10 08:49:20.000+0000,89.00
2015-06-10 08:54:21.000+0000,82.00
2015-06-10 08:59:21.000+0000,85.00
2015-06-10 09:04:21.000+0000,79.00
2015-06-10 09:09:21.000+0000,78.00
2015-06-10 09:14:21.000+0000,78.00
2015-06-10 09:19:22.000+0000,76.00
2015-06-10 09:29:22.000+0000,77.00
2015-06-10 09:34:21.000+0000,75.00
2015-06-10 09:39:21.000+0000,74.00
2015-06-10 09:44:21.000+0000,89.00
2015-06-10 09:49:21.000+0000,75.00
2015-06-10 09:54:21.000+0000,74.00
2015-06-10 09:59:20.000+0000,67.00
2015-06-10 10:04:20.000+0000,72.00
2015-06-10 10:09:21.000+0000,72.00
2015-06-10 10:14:20.000+0000,70.00
2015-06-10 10:19:20.000+0000,71.00
2015-06-10 10:24:20.000+0000,64.00
2015-06-10 10:29:20.000+0000,78.00
2015-06-10 10:34:20.000+0000,87.00
2015-06-10 10:44:20.000+0000,67.00
2015-06-10 10:49:20.000+0000,69.00
2015-06-10 10:54:20.000+0000,62.00
2015-06-10 10:59:20.000+0000,71.00
2015-06-10 11:04:20.000+0000,62.00
2015-06-10 11:14:20.000+0000,69.00
2015-06-10 11:19:20.000+0000,89.00
2015-06-10 11:24:20.000+0000,69.00
2015-06-10 11:29:22.000+0000,85.00
2015-06-10 11:34:21.000+0000,62.00
2015-06-10 11:39:21.000+0000,77.00
2015-06-10 11:44:21.000+0000,71.00
2015-06-10 11:49:21.000+0000,78.00
2015-06-10 11:54:21.000+0000,71.00
2015-06-10 12:09:21.000+0000,83.00
2015-06-10 12:14:21.000+0000,72.00
2015-06-10 12:19:21.000+0000,148.00
2015-06-10 12:24:21.000+0000,66.00
2015-06-10 12:29:21.000+0000,70.00
2015-06-10 12:34:21.000+0000,75.00
2015-06-10 12:39:21.000+0000,65.00
2015-06-10 12:44:21.000+0000,75.00
2015-06-10 12:49:21.000+0000,91.00
2015-06-10 12:54:21.000+0000,83.00
2015-06-10 13:04:21.000+0000,70.00
2015-06-10 13:09:21.000+0000,67.00
2015-06-10 13:14:21.000+0000,80.00
2015-06-10 13:19:21.000+0000,66.00
2015-06-10 13:29:21.000+0000,90.00
2015-06-10 13:34:21.000+0000,80.00
2015-06-10 13:39:21.000+0000,71.00
2015-06-10 13:49:22.000+0000,78.00
2015-06-10 13:54:21.000+0000,72.00
2015-06-10 14:04:22.000+0000,74.00
2015-06-10 14:14:22.000+0000,75.00
2015-06-10 14:19:22.000+0000,75.00
2015-06-10 14:29:22.000+0000,71.00
2015-06-10 14:39:09.000+0000,80.00
2015-06-10 14:44:09.000+0000,81.00
2015-06-10 14:49:09.000+0000,88.00
2015-06-10 14:54:09.000+0000,81.00
2015-06-10 14:59:09.000+0000,77.00
2015-06-10 15:04:09.000+0000,79.00
2015-06-10 15:09:09.000+0000,77.00
2015-06-10 15:14:09.000+0000,84.00
2015-06-10 15:19:09.000+0000,63.00
2015-06-10 15:24:09.000+0000,72.00
2015-06-10 15:29:09.000+0000,74.00
2015-06-10 15:34:09.000+0000,65.00
2015-06-10 15:39:09.000+0000,65.00
2015-06-10 15:44:09.000+0000,77.00
2015-06-10 15:49:09.000+0000,71.00
2015-06-10 15:54:09.000+0000,87.00
2015-06-10 15:59:09.000+0000,67.00
2015-06-10 16:34:09.000+0000,96.00
2015-06-10 16:39:09.000+0000,89.00
2015-06-10 16:54:09.000+0000,75.00
2015-06-10 16:59:09.000+0000,71.00
2015-06-10 17:04:10.000+0000,74.00
2015-06-10 17:09:10.000+0000,72.00
2015-06-10 17:14:10.000+0000,57.00
2015-06-10 17:24:10.000+0000,58.00
2015-06-10 17:29:10.000+0000,67.00
2015-06-10 17:34:10.000+0000,59.00
2015-06-10 17:39:10.000+0000,73.00
2015-06-10 17:49:10.000+0000,79.00
2015-06-10 17:54:10.000+0000,82.00
2015-06-10 17:59:10.000+0000,56.00
2015-06-10 18:04:09.000+0000,57.00
2015-06-10 18:09:09.000+0000,69.00
2015-06-10 18:14:09.000+0000,82.00
2015-06-10 18:29:09.000+0000,58.00
2015-06-10 18:39:09.000+0000,91.00
2015-06-10 18:44:09.000+0000,96.00
2015-06-10 18:49:09.000+0000,101.00
2015-06-10 18:59:09.000+0000,77.00
2015-06-10 19:04:09.000+0000,72.00
2015-06-10 19:09:09.000+0000,72.00
2015-06-10 19:14:09.000+0000,72.00
2015-06-10 19:19:09.000+0000,77.00
2015-06-10 19:24:09.000+0000,75.00
2015-06-10 19:34:10.000+0000,75.00
2015-06-10 19:39:10.000+0000,78.00
2015-06-10 19:44:10.000+0000,74.00
2015-06-10 19:49:10.000+0000,74.00
2015-06-10 19:54:10.000+0000,78.00
2015-06-10 19:59:10.000+0000,74.00
2015-06-10 20:04:10.000+0000,78.00
2015-06-10 20:09:10.000+0000,75.00
2015-06-10 20:14:10.000+0000,74.00
2015-06-10 20:19:10.000+0000,71.00
2015-06-10 20:24:10.000+0000,71.00
2015-06-10 20:29:10.000+0000,142.00
2015-06-10 20:34:10.000+0000,75.00
2015-06-10 20:39:10.000+0000,66.00
2015-06-10 20:44:10.000+0000,148.00
2015-06-10 20:49:10.000+0000,63.00
2015-06-10 20:54:10.000+0000,70.00
2015-06-10 21:04:10.000+0000,67.00
2015-06-10 21:09:10.000+0000,98.00
2015-06-10 21:14:10.000+0000,71.00
2015-06-10 21:19:10.000+0000,95.00
2015-06-10 21:24:10.000+0000,89.00
2015-06-10 21:34:10.000+0000,73.00
2015-06-10 21:39:10.000+0000,63.00
2015-06-10 21:44:10.000+0000,85.00
2015-06-10 21:49:10.000+0000,65.00
2015-06-10 21:54:10.000+0000,70.00
2015-06-10 21:59:10.000+0000,67.00
2015-06-10 22:04:10.000+0000,67.00
2015-06-10 22:09:10.000+0000,71.00
2015-06-10 22:14:10.000+0000,67.00
2015-06-10 22:19:10.000+0000,64.00
2015-06-10 22:24:10.000+0000,64.00
2015-06-10 22:29:10.000+0000,67.00
2015-06-10 22:34:10.000+0000,70.00
2015-06-10 22:39:10.000+0000,69.00
2015-06-10 22:44:10.000+0000,67.00
2015-06-10 22:49:10.000+0000,70.00
2015-06-10 22:54:10.000+0000,78.00
2015-06-10 22:59:10.000+0000,70.00
2015-06-10 23:04:09.000+0000,72.00
2015-06-10 23:09:09.000+0000,69.00
2015-06-10 23:19:09.000+0000,70.00
2015-06-10 23:24:09.000+0000,75.00
2015-06-10 23:29:09.000+0000,61.00
2015-06-10 23:34:10.000+0000,57.00
2015-06-10 23:39:10.000+0000,56.00
2015-06-10 23:44:10.000+0000,55.00
2015-06-10 23:49:10.000+0000,56.00
2015-06-10 23:54:10.000+0000,56.00
2015-06-11 00:09:10.000+0000,54.00
2015-06-11 00:14:10.000+0000,56.00
2015-06-11 00:19:10.000+0000,56.00
2015-06-11 00:29:10.000+0000,54.00
2015-06-11 00:44:10.000+0000,67.00
2015-06-11 00:49:10.000+0000,62.00
2015-06-11 00:54:10.000+0000,71.00
2015-06-11 01:04:10.000+0000,63.00
2015-06-11 01:09:11.000+0000,60.00
2015-06-11 01:14:11.000+0000,60.00
2015-06-11 01:19:11.000+0000,51.00
2015-06-11 01:24:11.000+0000,54.00
2015-06-11 01:29:11.000+0000,55.00
2015-06-11 01:34:11.000+0000,56.00
2015-06-11 01:44:10.000+0000,52.00
2015-06-11 01:49:10.000+0000,52.00
2015-06-11 01:59:10.000+0000,56.00
2015-06-11 02:04:10.000+0000,85.00
2015-06-11 02:14:10.000+0000,51.00
2015-06-11 02:29:10.000+0000,52.00
2015-06-11 03:04:10.000+0000,58.00
2015-06-11 03:09:10.000+0000,60.00
2015-06-11 03:19:10.000+0000,72.00
2015-06-11 03:24:10.000+0000,59.00
2015-06-11 03:34:10.000+0000,59.00
2015-06-11 03:39:10.000+0000,76.00
2015-06-11 03:49:10.000+0000,62.00
2015-06-11 03:54:10.000+0000,53.00
2015-06-11 03:59:10.000+0000,56.00
2015-06-11 04:04:10.000+0000,55.00
2015-06-11 04:09:10.000+0000,53.00
2015-06-11 04:39:09.000+0000,85.00
2015-06-11 04:44:09.000+0000,145.00
2015-06-11 04:49:09.000+0000,52.00
2015-06-11 04:54:09.000+0000,52.00
2015-06-11 05:09:10.000+0000,51.00
2015-06-11 05:19:10.000+0000,55.00
2015-06-11 05:29:10.000+0000,132.00
2015-06-11 05:34:10.000+0000,58.00
2015-06-11 05:39:23.000+0000,56.00
2015-06-11 05:59:23.000+0000,54.00
2015-06-11 06:04:23.000+0000,54.00
2015-06-11 06:09:23.000+0000,93.00
2015-06-11 06:14:24.000+0000,54.00
2015-06-11 06:19:24.000+0000,76.00
2015-06-11 06:24:24.000+0000,53.00
2015-06-11 06:29:24.000+0000,77.00
2015-06-11 06:39:23.000+0000,65.00
2015-06-11 06:44:24.000+0000,58.00
2015-06-11 06:49:24.000+0000,60.00
2015-06-11 06:54:24.000+0000,56.00
2015-06-11 06:59:24.000+0000,59.00
2015-06-11 07:09:24.000+0000,55.00
2015-06-11 07:24:24.000+0000,54.00
2015-06-11 07:39:24.000+0000,57.00
2015-06-11 07:49:24.000+0000,94.00
2015-06-11 07:54:24.000+0000,104.00
2015-06-11 07:59:24.000+0000,87.00
2015-06-11 08:04:24.000+0000,85.00
2015-06-11 08:09:24.000+0000,85.00
2015-06-11 08:14:24.000+0000,73.00
2015-06-11 08:24:24.000+0000,101.00
2015-06-11 08:29:24.000+0000,116.00
2015-06-11 08:39:10.000+0000,78.00
2015-06-11 08:44:10.000+0000,85.00
2015-06-11 08:49:10.000+0000,82.00
2015-06-11 08:54:10.000+0000,79.00
2015-06-11 08:59:10.000+0000,83.00
2015-06-11 09:04:10.000+0000,77.00
2015-06-11 09:14:11.000+0000,85.00
2015-06-11 09:19:11.000+0000,78.00
2015-06-11 09:24:11.000+0000,75.00
2015-06-11 09:29:11.000+0000,72.00
2015-06-11 09:34:11.000+0000,80.00
2015-06-11 09:44:18.000+0000,82.00
2015-06-11 09:49:18.000+0000,70.00
2015-06-11 09:54:18.000+0000,72.00
2015-06-11 09:59:18.000+0000,80.00
2015-06-11 10:04:18.000+0000,71.00
2015-06-11 10:09:18.000+0000,66.00
2015-06-11 10:14:18.000+0000,65.00
2015-06-11 10:19:18.000+0000,74.00
2015-06-11 10:24:18.000+0000,67.00
2015-06-11 10:29:18.000+0000,69.00
2015-06-11 10:34:18.000+0000,67.00
2015-06-11 10:39:18.000+0000,65.00
2015-06-11 10:59:18.000+0000,67.00
2015-06-11 11:04:18.000+0000,59.00
2015-06-11 11:09:18.000+0000,80.00
2015-06-11 11:19:18.000+0000,75.00
2015-06-11 11:24:18.000+0000,74.00
2015-06-11 11:29:18.000+0000,74.00
2015-06-11 11:34:18.000+0000,71.00
2015-06-11 11:39:18.000+0000,69.00
2015-06-11 11:44:18.000+0000,73.00
2015-06-11 11:49:18.000+0000,74.00
2015-06-11 11:54:18.000+0000,75.00
2015-06-11 11:59:18.000+0000,82.00
2015-06-11 12:09:18.000+0000,69.00
2015-06-11 12:14:18.000+0000,76.00
2015-06-11 12:19:18.000+0000,75.00
2015-06-11 12:24:18.000+0000,66.00
2015-06-11 12:39:18.000+0000,66.00
2015-06-11 12:44:19.000+0000,70.00
2015-06-11 12:49:19.000+0000,69.00
2015-06-11 12:54:19.000+0000,74.00
2015-06-11 12:59:19.000+0000,69.00
2015-06-11 13:04:19.000+0000,142.00
2015-06-11 13:09:19.000+0000,118.00
2015-06-11 13:19:17.000+0000,80.00
2015-06-11 13:24:17.000+0000,72.00
2015-06-11 13:29:17.000+0000,67.00
2015-06-11 13:34:17.000+0000,70.00
2015-06-11 13:39:17.000+0000,70.00
2015-06-11 13:44:18.000+0000,69.00
2015-06-11 13:49:18.000+0000,72.00
2015-06-11 13:54:18.000+0000,82.00
2015-06-11 13:59:18.000+0000,66.00
2015-06-11 14:04:18.000+0000,74.00
2015-06-11 14:09:18.000+0000,77.00
2015-06-11 14:14:17.000+0000,68.00
2015-06-11 14:19:17.000+0000,69.00
2015-06-11 14:24:17.000+0000,69.00
2015-06-11 14:34:17.000+0000,67.00
2015-06-11 14:39:17.000+0000,67.00
2015-06-11 14:49:18.000+0000,72.00
2015-06-11 14:54:18.000+0000,71.00
2015-06-11 14:59:18.000+0000,68.00
2015-06-11 15:04:18.000+0000,74.00
2015-06-11 15:09:18.000+0000,78.00
2015-06-11 15:14:18.000+0000,70.00
2015-06-11 15:19:18.000+0000,68.00
2015-06-11 15:24:18.000+0000,74.00
2015-06-11 15:29:18.000+0000,80.00
2015-06-11 15:34:18.000+0000,80.00
2015-06-11 15:39:18.000+0000,71.00
2015-06-11 15:44:18.000+0000,145.00
2015-06-11 15:49:18.000+0000,72.00
2015-06-11 16:04:18.000+0000,72.00
2015-06-11 16:09:18.000+0000,69.00
2015-06-11 16:14:19.000+0000,71.00
2015-06-11 16:19:19.000+0000,72.00
2015-06-11 16:24:19.000+0000,69.00
2015-06-11 16:34:19.000+0000,70.00
2015-06-11 16:39:19.000+0000,72.00
2015-06-11 16:44:34.000+0000,75.00
2015-06-11 16:49:19.000+0000,76.00
2015-06-11 16:54:19.000+0000,83.00
2015-06-11 16:59:19.000+0000,59.00
2015-06-11 17:09:19.000+0000,94.00
2015-06-11 17:14:19.000+0000,83.00
2015-06-11 17:19:19.000+0000,77.00
2015-06-11 17:24:19.000+0000,70.00
2015-06-11 17:29:19.000+0000,69.00
2015-06-11 17:34:34.000+0000,75.00
2015-06-11 17:39:19.000+0000,66.00
2015-06-11 17:44:17.000+0000,91.00
2015-06-11 17:49:17.000+0000,72.00
2015-06-11 17:54:17.000+0000,75.00
2015-06-11 18:09:18.000+0000,85.00
2015-06-11 18:14:17.000+0000,98.00
2015-06-11 18:39:17.000+0000,68.00
2015-06-11 19:04:17.000+0000,77.00
2015-06-11 19:09:17.000+0000,75.00
2015-06-11 19:14:17.000+0000,90.00
2015-06-11 19:24:17.000+0000,96.00
2015-06-11 19:29:17.000+0000,85.00
2015-06-11 19:34:17.000+0000,95.00
2015-06-11 19:44:19.000+0000,94.00
2015-06-11 19:49:19.000+0000,85.00
2015-06-11 19:54:19.000+0000,91.00
2015-06-11 20:04:19.000+0000,85.00
2015-06-11 20:14:19.000+0000,104.00
2015-06-11 20:19:18.000+0000,82.00
2015-06-11 20:24:18.000+0000,97.00
2015-06-11 20:29:18.000+0000,91.00
2015-06-11 20:34:18.000+0000,85.00
2015-06-11 20:39:18.000+0000,87.00
2015-06-11 20:44:18.000+0000,85.00
2015-06-11 20:49:18.000+0000,72.00
2015-06-11 20:54:18.000+0000,78.00
2015-06-11 20:59:18.000+0000,80.00
2015-06-11 21:04:18.000+0000,77.00
2015-06-11 21:09:18.000+0000,82.00
2015-06-11 21:14:18.000+0000,78.00
2015-06-11 21:19:18.000+0000,74.00
2015-06-11 21:24:18.000+0000,77.00
2015-06-11 21:34:18.000+0000,75.00
2015-06-11 21:39:18.000+0000,75.00
2015-06-11 21:44:18.000+0000,70.00
2015-06-11 21:49:18.000+0000,98.00
2015-06-11 22:04:18.000+0000,75.00
2015-06-11 22:09:18.000+0000,72.00
2015-06-11 22:14:18.000+0000,80.00
2015-06-11 22:19:18.000+0000,77.00
2015-06-11 22:24:18.000+0000,84.00
2015-06-11 22:29:18.000+0000,70.00
2015-06-11 22:34:18.000+0000,70.00
2015-06-11 22:39:18.000+0000,71.00
2015-06-11 22:44:18.000+0000,86.00
2015-06-11 22:49:19.000+0000,77.00
2015-06-11 22:54:19.000+0000,98.00
2015-06-11 22:59:19.000+0000,72.00
2015-06-11 23:04:19.000+0000,70.00
2015-06-11 23:09:19.000+0000,75.00
2015-06-11 23:14:19.000+0000,75.00
2015-06-11 23:19:19.000+0000,66.00
2015-06-11 23:24:19.000+0000,69.00
2015-06-11 23:29:19.000+0000,69.00
2015-06-11 23:34:19.000+0000,70.00
2015-06-11 23:39:19.000+0000,65.00
2015-06-11 23:44:19.000+0000,70.00
2015-06-11 23:49:18.000+0000,72.00
2015-06-11 23:54:18.000+0000,74.00
2015-06-11 23:59:18.000+0000,84.00
2015-06-12 00:04:18.000+0000,77.00
2015-06-12 00:09:18.000+0000,65.00
2015-06-12 00:14:18.000+0000,64.00
2015-06-12 00:19:18.000+0000,56.00
2015-06-12 00:24:18.000+0000,59.00
2015-06-12 01:19:19.000+0000,72.00
2015-06-12 01:24:19.000+0000,52.00
2015-06-12 01:29:19.000+0000,80.00
2015-06-12 01:59:18.000+0000,53.00
2015-06-12 02:29:19.000+0000,63.00
2015-06-12 02:34:19.000+0000,64.00
2015-06-12 02:39:19.000+0000,74.00
2015-06-12 03:19:19.000+0000,51.00
2015-06-12 04:09:19.000+0000,53.00
2015-06-12 04:19:19.000+0000,60.00
2015-06-12 04:24:21.000+0000,60.00
2015-06-12 04:29:19.000+0000,60.00
2015-06-12 04:49:19.000+0000,65.00
2015-06-12 04:59:19.000+0000,57.00
2015-06-12 05:04:19.000+0000,51.00
2015-06-12 05:19:19.000+0000,74.00
2015-06-12 05:24:20.000+0000,51.00
2015-06-12 05:29:19.000+0000,52.00
2015-06-12 05:39:19.000+0000,55.00
2015-06-12 05:49:19.000+0000,51.00
2015-06-12 06:09:19.000+0000,104.00
2015-06-12 06:19:19.000+0000,57.00
2015-06-12 06:24:20.000+0000,62.00
2015-06-12 06:34:19.000+0000,61.00
2015-06-12 06:39:19.000+0000,58.00
2015-06-12 06:44:19.000+0000,55.00
2015-06-12 06:49:19.000+0000,60.00
2015-06-12 07:04:20.000+0000,58.00
2015-06-12 07:09:20.000+0000,53.00
2015-06-12 07:24:20.000+0000,53.00
2015-06-12 07:29:19.000+0000,53.00
2015-06-12 07:34:19.000+0000,54.00
2015-06-12 07:44:19.000+0000,61.00
2015-06-12 07:49:19.000+0000,78.00
2015-06-12 07:54:19.000+0000,66.00
2015-06-12 07:59:19.000+0000,110.00
2015-06-12 08:04:19.000+0000,116.00
2015-06-12 08:09:19.000+0000,120.00
2015-06-12 08:14:19.000+0000,96.00
2015-06-12 08:19:19.000+0000,69.00
2015-06-12 08:24:20.000+0000,91.00
2015-06-12 08:29:19.000+0000,83.00
2015-06-12 08:34:19.000+0000,72.00
2015-06-12 08:39:19.000+0000,71.00
2015-06-12 08:44:19.000+0000,94.00
2015-06-12 08:49:19.000+0000,89.00
2015-06-12 08:54:20.000+0000,83.00
2015-06-12 08:59:19.000+0000,85.00
2015-06-12 09:04:19.000+0000,82.00
2015-06-12 09:09:19.000+0000,82.00
2015-06-12 09:14:19.000+0000,78.00
2015-06-12 09:19:19.000+0000,110.00
2015-06-12 09:24:22.000+0000,75.00
2015-06-12 09:29:22.000+0000,78.00
2015-06-12 09:34:22.000+0000,78.00
2015-06-12 09:39:22.000+0000,79.00
2015-06-12 09:44:22.000+0000,78.00
2015-06-12 09:49:22.000+0000,78.00
2015-06-12 09:54:22.000+0000,78.00
2015-06-12 09:59:22.000+0000,80.00
2015-06-12 10:04:22.000+0000,77.00
2015-06-12 10:09:22.000+0000,78.00
2015-06-12 10:14:22.000+0000,85.00
2015-06-12 10:19:22.000+0000,75.00
2015-06-12 10:24:22.000+0000,77.00
2015-06-12 10:29:22.000+0000,91.00
2015-06-12 10:34:22.000+0000,75.00
2015-06-12 10:39:22.000+0000,77.00
2015-06-12 10:44:22.000+0000,66.00
2015-06-12 10:49:22.000+0000,77.00
2015-06-12 10:54:22.000+0000,72.00
2015-06-12 10:59:22.000+0000,69.00
2015-06-12 11:04:22.000+0000,83.00
2015-06-12 11:09:22.000+0000,88.00
2015-06-12 11:14:22.000+0000,82.00
2015-06-12 11:19:22.000+0000,81.00
2015-06-12 11:24:23.000+0000,79.00
2015-06-12 11:29:23.000+0000,71.00
2015-06-12 11:34:23.000+0000,71.00
2015-06-12 11:39:23.000+0000,83.00
2015-06-12 11:44:23.000+0000,78.00
2015-06-12 11:49:23.000+0000,80.00
2015-06-12 11:54:22.000+0000,69.00
2015-06-12 11:59:22.000+0000,71.00
2015-06-12 12:04:22.000+0000,66.00
2015-06-12 12:09:22.000+0000,71.00
2015-06-12 12:14:22.000+0000,74.00
2015-06-12 12:19:22.000+0000,72.00
2015-06-12 12:24:22.000+0000,70.00
2015-06-12 12:29:22.000+0000,79.00
2015-06-12 12:34:22.000+0000,71.00
2015-06-12 12:44:22.000+0000,132.00
2015-06-12 12:49:22.000+0000,69.00
2015-06-12 12:54:23.000+0000,67.00
2015-06-12 13:09:23.000+0000,65.00
2015-06-12 13:19:23.000+0000,66.00
2015-06-12 13:29:23.000+0000,67.00
2015-06-12 13:34:23.000+0000,70.00
2015-06-12 13:39:23.000+0000,72.00
2015-06-12 13:44:23.000+0000,63.00
2015-06-12 13:49:23.000+0000,74.00
2015-06-12 13:54:22.000+0000,74.00
2015-06-12 13:59:22.000+0000,71.00
2015-06-12 14:04:22.000+0000,71.00
2015-06-12 14:09:22.000+0000,66.00
2015-06-12 14:14:22.000+0000,151.00
2015-06-12 14:19:22.000+0000,63.00
2015-06-12 14:24:20.000+0000,69.00
2015-06-12 14:29:23.000+0000,71.00
2015-06-12 14:34:23.000+0000,78.00
2015-06-12 14:39:23.000+0000,65.00
2015-06-12 14:44:23.000+0000,69.00
2015-06-12 14:49:23.000+0000,65.00
2015-06-12 14:54:23.000+0000,72.00
2015-06-12 14:59:22.000+0000,68.00
2015-06-12 15:14:22.000+0000,65.00
2015-06-12 15:19:22.000+0000,62.00
2015-06-12 15:24:22.000+0000,61.00
2015-06-12 15:29:22.000+0000,63.00
2015-06-12 15:34:22.000+0000,68.00
2015-06-12 15:39:22.000+0000,175.00
2015-06-12 15:54:22.000+0000,74.00
2015-06-12 16:04:23.000+0000,85.00
2015-06-12 16:09:23.000+0000,71.00
2015-06-12 16:14:23.000+0000,72.00
2015-06-12 16:19:23.000+0000,74.00
2015-06-12 16:24:23.000+0000,70.00
2015-06-12 16:29:23.000+0000,69.00
2015-06-12 16:34:23.000+0000,69.00
2015-06-12 16:49:23.000+0000,77.00
2015-06-12 16:54:23.000+0000,83.00
2015-06-12 16:59:23.000+0000,75.00
2015-06-12 17:04:23.000+0000,72.00
2015-06-12 17:09:23.000+0000,78.00
2015-06-12 17:29:23.000+0000,75.00
2015-06-12 17:34:23.000+0000,78.00
2015-06-12 17:39:23.000+0000,71.00
2015-06-12 17:54:23.000+0000,77.00
2015-06-12 17:59:24.000+0000,71.00
2015-06-12 18:44:23.000+0000,72.00
2015-06-12 18:49:23.000+0000,66.00
2015-06-12 18:54:23.000+0000,72.00
2015-06-12 18:59:23.000+0000,69.00
2015-06-12 19:04:23.000+0000,63.00
2015-06-12 19:09:23.000+0000,74.00
2015-06-12 19:14:23.000+0000,71.00
2015-06-12 19:19:23.000+0000,70.00
2015-06-12 19:24:23.000+0000,70.00
2015-06-12 19:29:24.000+0000,66.00
2015-06-12 19:34:24.000+0000,85.00
2015-06-12 19:39:24.000+0000,77.00
2015-06-12 19:44:24.000+0000,85.00
2015-06-12 19:49:24.000+0000,63.00
2015-06-12 19:59:23.000+0000,65.00
2015-06-12 20:04:23.000+0000,70.00
2015-06-12 20:09:23.000+0000,82.00
2015-06-12 20:14:23.000+0000,82.00
2015-06-12 20:19:23.000+0000,90.00
2015-06-12 20:24:23.000+0000,78.00
2015-06-12 20:29:23.000+0000,94.00
2015-06-12 20:34:23.000+0000,85.00
2015-06-12 20:39:23.000+0000,91.00
2015-06-12 20:44:23.000+0000,65.00
2015-06-12 20:49:23.000+0000,67.00
2015-06-12 20:54:23.000+0000,75.00
2015-06-12 20:59:23.000+0000,77.00
2015-06-12 21:04:23.000+0000,72.00
2015-06-12 21:09:23.000+0000,69.00
2015-06-12 21:14:23.000+0000,72.00
2015-06-12 21:19:23.000+0000,77.00
2015-06-12 21:24:23.000+0000,76.00
2015-06-12 21:29:23.000+0000,70.00
2015-06-12 21:34:23.000+0000,68.00
2015-06-12 21:39:23.000+0000,66.00
2015-06-12 21:44:23.000+0000,67.00
2015-06-12 21:49:23.000+0000,70.00
2015-06-12 21:54:23.000+0000,62.00
2015-06-12 21:59:23.000+0000,67.00
2015-06-12 22:04:23.000+0000,72.00
2015-06-12 22:09:23.000+0000,65.00
2015-06-12 22:14:23.000+0000,65.00
2015-06-12 22:19:23.000+0000,63.00
2015-06-12 22:24:23.000+0000,120.00
2015-06-12 22:29:24.000+0000,69.00
2015-06-12 22:34:24.000+0000,72.00
2015-06-12 22:44:24.000+0000,85.00
2015-06-12 22:49:24.000+0000,56.00
2015-06-12 23:04:23.000+0000,70.00
2015-06-12 23:09:23.000+0000,64.00
2015-06-12 23:14:23.000+0000,71.00
2015-06-12 23:19:23.000+0000,72.00
2015-06-12 23:24:23.000+0000,66.00
2015-06-12 23:29:24.000+0000,65.00
2015-06-12 23:34:24.000+0000,65.00
2015-06-12 23:39:24.000+0000,62.00
2015-06-12 23:44:24.000+0000,61.00
2015-06-12 23:49:24.000+0000,66.00
2015-06-12 23:54:24.000+0000,66.00
2015-06-12 23:59:23.000+0000,65.00
2015-06-13 00:04:23.000+0000,63.00
2015-06-13 00:09:23.000+0000,55.00
2015-06-13 00:24:23.000+0000,89.00
2015-06-13 00:29:23.000+0000,70.00
2015-06-13 00:34:23.000+0000,54.00
2015-06-13 00:39:23.000+0000,67.00
2015-06-13 00:44:23.000+0000,59.00
2015-06-13 00:49:23.000+0000,80.00
2015-06-13 00:54:23.000+0000,107.00
2015-06-13 00:59:23.000+0000,57.00
2015-06-13 01:04:23.000+0000,56.00
2015-06-13 01:09:23.000+0000,59.00
2015-06-13 01:14:23.000+0000,57.00
2015-06-13 01:19:23.000+0000,63.00
2015-06-13 01:24:23.000+0000,61.00
2015-06-13 01:29:20.000+0000,75.00
2015-06-13 01:34:23.000+0000,70.00
2015-06-13 01:39:23.000+0000,62.00
2015-06-13 01:54:23.000+0000,53.00
2015-06-13 01:59:23.000+0000,53.00
2015-06-13 02:04:23.000+0000,52.00
2015-06-13 02:14:23.000+0000,53.00
2015-06-13 02:19:23.000+0000,52.00
2015-06-13 02:24:23.000+0000,53.00
2015-06-13 02:34:23.000+0000,97.00
2015-06-13 02:44:23.000+0000,96.00
2015-06-13 02:59:23.000+0000,89.00
2015-06-13 03:04:24.000+0000,89.00
2015-06-13 03:09:24.000+0000,65.00
2015-06-13 03:14:24.000+0000,70.00
2015-06-13 03:19:24.000+0000,56.00
2015-06-13 03:24:24.000+0000,53.00
2015-06-13 03:59:23.000+0000,52.00
2015-06-13 04:09:23.000+0000,65.00
2015-06-13 04:19:23.000+0000,53.00
2015-06-13 04:49:23.000+0000,163.00
2015-06-13 05:04:24.000+0000,56.00
2015-06-13 05:09:24.000+0000,61.00
2015-06-13 05:14:24.000+0000,56.00
2015-06-13 05:19:24.000+0000,60.00
2015-06-13 05:24:24.000+0000,55.00
2015-06-13 05:29:24.000+0000,59.00
2015-06-13 05:34:24.000+0000,55.00
2015-06-13 05:39:24.000+0000,56.00
2015-06-13 05:44:24.000+0000,53.00
2015-06-13 05:54:24.000+0000,50.00
2015-06-13 05:59:24.000+0000,53.00
2015-06-13 06:09:24.000+0000,54.00
2015-06-13 06:14:24.000+0000,56.00
2015-06-13 06:19:24.000+0000,53.00
2015-06-13 06:24:24.000+0000,56.00
2015-06-13 06:29:24.000+0000,53.00
2015-06-13 06:39:24.000+0000,54.00
2015-06-13 06:44:24.000+0000,63.00
2015-06-13 06:49:24.000+0000,62.00
2015-06-13 06:54:24.000+0000,61.00
2015-06-13 06:59:24.000+0000,55.00
2015-06-13 07:09:23.000+0000,66.00
2015-06-13 07:14:23.000+0000,70.00
2015-06-13 07:19:23.000+0000,64.00
2015-06-13 07:29:23.000+0000,61.00
2015-06-13 07:34:25.000+0000,53.00
2015-06-13 07:39:25.000+0000,52.00
2015-06-13 07:44:25.000+0000,154.00
2015-06-13 07:49:25.000+0000,58.00
2015-06-13 07:54:25.000+0000,56.00
2015-06-13 07:59:25.000+0000,57.00
2015-06-13 08:04:24.000+0000,56.00
2015-06-13 08:09:24.000+0000,55.00
2015-06-13 08:14:24.000+0000,53.00
2015-06-13 08:19:24.000+0000,54.00
2015-06-13 08:24:24.000+0000,53.00
2015-06-13 08:29:24.000+0000,54.00
2015-06-13 08:34:24.000+0000,53.00
2015-06-13 08:39:24.000+0000,56.00
2015-06-13 08:44:24.000+0000,61.00
2015-06-13 08:49:24.000+0000,57.00
2015-06-13 08:54:24.000+0000,65.00
2015-06-13 08:59:24.000+0000,59.00
2015-06-13 09:04:24.000+0000,69.00
2015-06-13 09:09:24.000+0000,53.00
2015-06-13 09:14:24.000+0000,54.00
2015-06-13 09:19:24.000+0000,71.00
2015-06-13 09:24:24.000+0000,56.00
2015-06-13 09:29:24.000+0000,53.00
2015-06-13 09:34:24.000+0000,53.00
2015-06-13 09:44:24.000+0000,53.00
2015-06-13 09:49:24.000+0000,54.00
2015-06-13 09:54:24.000+0000,64.00
2015-06-13 09:59:24.000+0000,60.00
2015-06-13 10:09:24.000+0000,54.00
2015-06-13 10:14:24.000+0000,53.00
2015-06-13 10:19:24.000+0000,52.00
2015-06-13 10:24:24.000+0000,64.00
2015-06-13 10:29:24.000+0000,54.00
2015-06-13 10:34:29.000+0000,56.00
2015-06-13 10:39:29.000+0000,55.00
2015-06-13 10:44:29.000+0000,54.00
2015-06-13 10:49:29.000+0000,68.00
2015-06-13 10:59:29.000+0000,70.00
2015-06-13 11:09:33.000+0000,67.00
2015-06-13 11:19:33.000+0000,80.00
2015-06-13 11:24:33.000+0000,71.00
2015-06-13 11:29:33.000+0000,62.00
2015-06-13 11:34:33.000+0000,80.00
2015-06-13 11:39:33.000+0000,72.00
2015-06-13 11:44:34.000+0000,74.00
2015-06-13 11:49:33.000+0000,71.00
2015-06-13 11:54:34.000+0000,95.00
2015-06-13 11:59:34.000+0000,96.00
2015-06-13 12:04:34.000+0000,110.00
2015-06-13 12:09:32.000+0000,113.00
2015-06-13 12:14:33.000+0000,91.00
2015-06-13 12:24:33.000+0000,85.00
2015-06-13 12:34:33.000+0000,85.00
2015-06-13 12:39:33.000+0000,84.00
2015-06-13 12:44:33.000+0000,78.00
2015-06-13 12:49:33.000+0000,82.00
2015-06-13 12:54:33.000+0000,77.00
2015-06-13 12:59:33.000+0000,74.00
2015-06-13 13:04:32.000+0000,71.00
2015-06-13 13:09:34.000+0000,69.00
2015-06-13 13:14:34.000+0000,63.00
2015-06-13 13:19:34.000+0000,71.00
2015-06-13 13:24:33.000+0000,70.00
2015-06-13 13:29:34.000+0000,79.00
2015-06-13 13:34:34.000+0000,74.00
2015-06-13 13:39:34.000+0000,72.00
2015-06-13 13:49:34.000+0000,74.00
2015-06-13 13:54:33.000+0000,65.00
2015-06-13 13:59:34.000+0000,75.00
2015-06-13 14:04:34.000+0000,72.00
2015-06-13 14:09:33.000+0000,72.00
2015-06-13 14:19:33.000+0000,82.00
2015-06-13 14:24:33.000+0000,86.00
2015-06-13 14:29:33.000+0000,91.00
2015-06-13 14:34:33.000+0000,82.00
2015-06-13 14:39:34.000+0000,89.00
2015-06-13 14:44:34.000+0000,89.00
2015-06-13 14:59:34.000+0000,87.00
2015-06-13 15:04:34.000+0000,79.00
2015-06-13 15:09:36.000+0000,128.00
2015-06-13 15:14:36.000+0000,98.00
2015-06-13 15:19:36.000+0000,98.00
2015-06-13 15:24:36.000+0000,89.00
2015-06-13 15:39:35.000+0000,95.00
2015-06-13 15:44:35.000+0000,81.00
2015-06-13 15:49:35.000+0000,94.00
2015-06-13 15:54:35.000+0000,83.00
2015-06-13 15:59:35.000+0000,87.00
2015-06-13 16:04:35.000+0000,101.00
2015-06-13 16:34:36.000+0000,65.00
2015-06-13 16:44:36.000+0000,98.00
2015-06-13 16:49:36.000+0000,98.00
2015-06-13 16:54:36.000+0000,96.00
2015-06-13 17:14:22.000+0000,82.00
2015-06-13 17:19:22.000+0000,110.00
2015-06-13 17:24:22.000+0000,104.00
2015-06-13 17:29:22.000+0000,89.00
2015-06-13 17:34:22.000+0000,87.00
2015-06-13 17:39:22.000+0000,101.00
2015-06-13 17:44:22.000+0000,87.00
2015-06-13 17:49:22.000+0000,94.00
2015-06-13 17:59:22.000+0000,80.00
2015-06-13 18:04:22.000+0000,85.00
2015-06-13 18:14:22.000+0000,80.00
2015-06-13 18:19:22.000+0000,98.00
2015-06-13 18:24:22.000+0000,81.00
2015-06-13 18:29:22.000+0000,97.00
2015-06-13 18:34:22.000+0000,86.00
2015-06-13 18:39:22.000+0000,89.00
2015-06-13 18:44:22.000+0000,95.00
2015-06-13 18:49:22.000+0000,96.00
2015-06-13 18:54:22.000+0000,83.00
2015-06-13 19:09:22.000+0000,91.00
2015-06-13 19:14:22.000+0000,89.00
2015-06-13 19:34:22.000+0000,96.00
2015-06-13 19:39:24.000+0000,94.00
2015-06-13 19:44:24.000+0000,82.00
2015-06-13 19:49:24.000+0000,113.00
2015-06-13 19:54:24.000+0000,71.00
2015-06-13 19:59:24.000+0000,83.00
2015-06-13 20:04:24.000+0000,116.00
2015-06-13 20:09:24.000+0000,96.00
2015-06-13 20:14:25.000+0000,91.00
2015-06-13 20:19:25.000+0000,91.00
2015-06-13 20:24:25.000+0000,91.00
2015-06-13 20:29:25.000+0000,87.00
2015-06-13 20:34:25.000+0000,87.00
2015-06-13 20:39:25.000+0000,82.00
2015-06-13 20:44:25.000+0000,85.00
2015-06-13 20:49:25.000+0000,83.00
2015-06-13 20:54:25.000+0000,79.00
2015-06-13 20:59:25.000+0000,77.00
2015-06-13 21:04:25.000+0000,83.00
2015-06-13 21:09:25.000+0000,87.00
2015-06-13 21:14:25.000+0000,85.00
2015-06-13 21:19:25.000+0000,75.00
2015-06-13 21:24:25.000+0000,78.00
2015-06-13 21:29:25.000+0000,80.00
2015-06-13 21:34:25.000+0000,78.00
2015-06-13 21:39:25.000+0000,77.00
2015-06-13 21:44:26.000+0000,75.00
2015-06-13 21:49:26.000+0000,72.00
2015-06-13 21:54:26.000+0000,77.00
2015-06-13 21:59:26.000+0000,87.00
2015-06-13 22:04:26.000+0000,71.00
2015-06-13 22:09:26.000+0000,82.00
2015-06-13 22:14:25.000+0000,80.00
2015-06-13 22:19:25.000+0000,78.00
2015-06-13 22:24:25.000+0000,75.00
2015-06-13 22:29:25.000+0000,90.00
2015-06-13 22:34:25.000+0000,78.00
2015-06-13 22:39:25.000+0000,78.00
2015-06-13 22:44:25.000+0000,78.00
2015-06-13 22:49:25.000+0000,82.00
2015-06-13 22:54:25.000+0000,77.00
2015-06-13 22:59:25.000+0000,86.00
2015-06-13 23:04:25.000+0000,83.00
2015-06-13 23:09:25.000+0000,87.00
2015-06-13 23:14:25.000+0000,80.00
2015-06-13 23:19:25.000+0000,82.00
2015-06-13 23:24:25.000+0000,80.00
2015-06-13 23:29:25.000+0000,72.00
2015-06-13 23:34:25.000+0000,113.00
2015-06-13 23:39:25.000+0000,83.00
2015-06-13 23:44:26.000+0000,77.00
2015-06-13 23:49:26.000+0000,78.00
2015-06-13 23:54:26.000+0000,75.00
2015-06-14 00:04:26.000+0000,77.00
2015-06-14 00:09:26.000+0000,72.00
2015-06-14 00:14:26.000+0000,72.00
2015-06-14 00:19:26.000+0000,83.00
2015-06-14 00:24:26.000+0000,80.00
2015-06-14 00:29:26.000+0000,80.00
2015-06-14 00:34:26.000+0000,77.00
2015-06-14 00:39:26.000+0000,72.00
2015-06-14 00:44:25.000+0000,75.00
2015-06-14 00:49:25.000+0000,75.00
2015-06-14 00:54:25.000+0000,75.00
2015-06-14 00:59:25.000+0000,72.00
2015-06-14 01:04:25.000+0000,91.00
2015-06-14 01:14:25.000+0000,72.00
2015-06-14 01:19:25.000+0000,68.00
2015-06-14 01:24:25.000+0000,78.00
2015-06-14 01:29:25.000+0000,84.00
2015-06-14 01:34:25.000+0000,77.00
2015-06-14 01:39:25.000+0000,67.00
2015-06-14 01:44:25.000+0000,63.00
2015-06-14 01:49:25.000+0000,65.00
2015-06-14 01:54:25.000+0000,65.00
2015-06-14 02:04:25.000+0000,62.00
2015-06-14 02:09:25.000+0000,62.00
2015-06-14 02:14:26.000+0000,62.00
2015-06-14 02:19:26.000+0000,62.00
2015-06-14 02:24:26.000+0000,120.00
2015-06-14 02:29:26.000+0000,82.00
2015-06-14 02:44:26.000+0000,65.00
2015-06-14 02:49:26.000+0000,101.00
2015-06-14 02:59:26.000+0000,74.00
2015-06-14 03:04:26.000+0000,77.00
2015-06-14 03:09:26.000+0000,67.00
2015-06-14 03:14:26.000+0000,67.00
2015-06-14 03:19:26.000+0000,61.00
2015-06-14 03:24:26.000+0000,59.00
2015-06-14 03:29:26.000+0000,58.00
2015-06-14 03:34:26.000+0000,59.00
2015-06-14 03:39:26.000+0000,61.00
2015-06-14 03:44:26.000+0000,59.00
2015-06-14 03:59:26.000+0000,61.00
2015-06-14 04:04:26.000+0000,61.00
2015-06-14 04:14:26.000+0000,65.00
2015-06-14 04:19:26.000+0000,63.00
2015-06-14 04:24:26.000+0000,62.00
2015-06-14 04:29:26.000+0000,116.00
2015-06-14 04:34:26.000+0000,57.00
2015-06-14 04:39:26.000+0000,60.00
2015-06-14 04:44:25.000+0000,59.00
2015-06-14 04:49:25.000+0000,71.00
2015-06-14 04:54:25.000+0000,74.00
2015-06-14 04:59:25.000+0000,70.00
2015-06-14 05:04:25.000+0000,69.00
2015-06-14 05:09:25.000+0000,64.00
2015-06-14 05:14:25.000+0000,66.00
2015-06-14 05:19:25.000+0000,58.00
2015-06-14 05:24:25.000+0000,61.00
2015-06-14 05:29:25.000+0000,64.00
2015-06-14 05:34:25.000+0000,60.00
2015-06-14 05:39:25.000+0000,57.00
2015-06-14 05:44:26.000+0000,60.00
2015-06-14 05:49:26.000+0000,56.00
2015-06-14 05:54:26.000+0000,57.00
2015-06-14 05:59:26.000+0000,51.00
2015-06-14 06:04:27.000+0000,53.00
2015-06-14 06:09:26.000+0000,53.00
2015-06-14 06:14:26.000+0000,55.00
2015-06-14 06:24:25.000+0000,52.00
2015-06-14 06:34:25.000+0000,55.00
2015-06-14 06:39:25.000+0000,56.00
2015-06-14 06:44:41.000+0000,64.00
2015-06-14 06:49:25.000+0000,63.00
2015-06-14 06:54:25.000+0000,59.00
2015-06-14 06:59:25.000+0000,70.00
2015-06-14 07:04:25.000+0000,60.00
2015-06-14 07:09:25.000+0000,59.00
2015-06-14 07:14:25.000+0000,56.00
2015-06-14 07:19:25.000+0000,54.00
2015-06-14 07:24:25.000+0000,54.00
2015-06-14 07:34:25.000+0000,56.00
2015-06-14 07:39:25.000+0000,55.00
2015-06-14 07:44:25.000+0000,55.00
2015-06-14 07:49:26.000+0000,53.00
2015-06-14 07:59:26.000+0000,56.00
2015-06-14 08:04:26.000+0000,57.00
2015-06-14 08:14:26.000+0000,56.00
2015-06-14 08:19:26.000+0000,65.00
2015-06-14 08:24:26.000+0000,56.00
2015-06-14 08:34:26.000+0000,55.00
2015-06-14 08:39:26.000+0000,79.00
2015-06-14 08:44:26.000+0000,54.00
2015-06-14 08:54:26.000+0000,53.00
2015-06-14 08:59:26.000+0000,53.00
2015-06-14 09:04:26.000+0000,61.00
2015-06-14 09:09:26.000+0000,54.00
2015-06-14 09:14:26.000+0000,101.00
2015-06-14 09:19:26.000+0000,56.00
2015-06-14 09:24:26.000+0000,51.00
2015-06-14 09:29:26.000+0000,50.00
2015-06-14 09:34:26.000+0000,56.00
2015-06-14 09:39:26.000+0000,75.00
2015-06-14 09:44:26.000+0000,59.00
2015-06-14 09:49:26.000+0000,58.00
2015-06-14 09:54:26.000+0000,57.00
2015-06-14 09:59:26.000+0000,63.00
2015-06-14 10:04:26.000+0000,61.00
2015-06-14 10:09:26.000+0000,60.00
2015-06-14 10:14:26.000+0000,56.00
2015-06-14 10:19:26.000+0000,57.00
2015-06-14 10:24:26.000+0000,70.00
2015-06-14 10:29:26.000+0000,69.00
2015-06-14 10:34:26.000+0000,66.00
2015-06-14 10:39:26.000+0000,65.00
2015-06-14 10:44:26.000+0000,62.00
2015-06-14 10:49:26.000+0000,72.00
2015-06-14 10:54:26.000+0000,72.00
2015-06-14 10:59:26.000+0000,59.00
2015-06-14 11:04:26.000+0000,83.00
2015-06-14 11:09:26.000+0000,63.00
2015-06-14 11:14:26.000+0000,80.00
2015-06-14 11:19:26.000+0000,63.00
2015-06-14 11:24:26.000+0000,66.00
2015-06-14 11:29:26.000+0000,67.00
2015-06-14 11:34:26.000+0000,89.00
2015-06-14 11:39:26.000+0000,82.00
2015-06-14 11:44:26.000+0000,72.00
2015-06-14 11:49:26.000+0000,61.00
2015-06-14 11:54:26.000+0000,63.00
2015-06-14 11:59:26.000+0000,66.00
2015-06-14 12:04:26.000+0000,71.00
2015-06-14 12:09:26.000+0000,85.00
2015-06-14 12:14:26.000+0000,83.00
2015-06-14 12:19:26.000+0000,61.00
2015-06-14 12:24:26.000+0000,59.00
2015-06-14 12:29:26.000+0000,67.00
2015-06-14 12:34:26.000+0000,65.00
2015-06-14 12:39:26.000+0000,65.00
2015-06-14 12:44:26.000+0000,63.00
2015-06-14 12:49:26.000+0000,63.00
2015-06-14 12:54:26.000+0000,62.00
2015-06-14 12:59:26.000+0000,63.00
2015-06-14 13:04:26.000+0000,59.00
2015-06-14 13:09:26.000+0000,63.00
2015-06-14 13:19:26.000+0000,56.00
2015-06-14 13:24:26.000+0000,56.00
2015-06-14 13:29:26.000+0000,85.00
2015-06-14 13:34:26.000+0000,59.00
2015-06-14 13:39:26.000+0000,140.00
2015-06-14 13:44:26.000+0000,65.00
2015-06-14 13:49:27.000+0000,63.00
2015-06-14 13:54:27.000+0000,145.00
2015-06-14 14:04:27.000+0000,63.00
2015-06-14 14:19:26.000+0000,61.00
2015-06-14 14:24:26.000+0000,56.00
2015-06-14 14:29:26.000+0000,87.00
2015-06-14 14:34:26.000+0000,64.00
2015-06-14 14:44:26.000+0000,60.00
2015-06-14 14:59:26.000+0000,101.00
2015-06-14 15:04:26.000+0000,63.00
2015-06-14 15:09:26.000+0000,60.00
2015-06-14 15:14:26.000+0000,77.00
2015-06-14 15:19:26.000+0000,63.00
2015-06-14 15:29:26.000+0000,66.00
2015-06-14 15:34:26.000+0000,96.00
2015-06-14 15:44:26.000+0000,70.00
2015-06-14 15:49:26.000+0000,78.00
2015-06-14 15:54:27.000+0000,82.00
2015-06-14 15:59:27.000+0000,75.00
2015-06-14 16:04:27.000+0000,75.00
2015-06-14 16:09:27.000+0000,78.00
2015-06-14 16:19:27.000+0000,65.00
2015-06-14 16:24:27.000+0000,72.00
2015-06-14 16:29:27.000+0000,74.00
2015-06-14 16:34:27.000+0000,72.00
2015-06-14 16:44:27.000+0000,72.00
2015-06-14 16:49:27.000+0000,74.00
2015-06-14 16:54:26.000+0000,70.00
2015-06-14 16:59:26.000+0000,85.00
2015-06-14 17:04:26.000+0000,85.00
2015-06-14 17:09:26.000+0000,70.00
2015-06-14 17:14:26.000+0000,77.00
2015-06-14 17:19:26.000+0000,70.00
2015-06-14 17:24:26.000+0000,70.00
2015-06-14 17:29:26.000+0000,72.00
2015-06-14 17:34:26.000+0000,72.00
2015-06-14 17:39:26.000+0000,75.00
2015-06-14 17:44:26.000+0000,77.00
2015-06-14 17:49:26.000+0000,71.00
2015-06-14 17:54:26.000+0000,67.00
2015-06-14 17:59:26.000+0000,65.00
2015-06-14 18:04:26.000+0000,82.00
2015-06-14 18:19:26.000+0000,65.00
2015-06-14 18:24:26.000+0000,64.00
2015-06-14 18:29:26.000+0000,75.00
2015-06-14 18:34:26.000+0000,69.00
2015-06-14 18:39:26.000+0000,78.00
2015-06-14 18:44:26.000+0000,73.00
2015-06-14 18:49:26.000+0000,83.00
2015-06-14 18:54:26.000+0000,80.00
2015-06-14 18:59:26.000+0000,72.00
2015-06-14 19:04:26.000+0000,74.00
2015-06-14 19:09:26.000+0000,78.00
2015-06-14 19:14:26.000+0000,85.00
2015-06-14 19:19:26.000+0000,72.00
2015-06-14 19:24:27.000+0000,66.00
2015-06-14 19:29:27.000+0000,80.00
2015-06-14 19:34:27.000+0000,67.00
2015-06-14 19:39:27.000+0000,72.00
2015-06-14 19:44:27.000+0000,71.00
2015-06-14 19:49:27.000+0000,72.00
2015-06-14 19:54:27.000+0000,80.00
2015-06-14 19:59:27.000+0000,75.00
2015-06-14 20:04:27.000+0000,67.00
2015-06-14 20:09:27.000+0000,65.00
2015-06-14 20:14:27.000+0000,71.00
2015-06-14 20:19:27.000+0000,72.00
2015-06-14 20:24:27.000+0000,67.00
2015-06-14 20:29:27.000+0000,67.00
2015-06-14 20:34:27.000+0000,66.00
2015-06-14 20:39:27.000+0000,67.00
2015-06-14 20:44:27.000+0000,67.00
2015-06-14 20:49:27.000+0000,69.00
2015-06-14 20:54:27.000+0000,67.00
2015-06-14 20:59:27.000+0000,66.00
2015-06-14 21:04:27.000+0000,65.00
2015-06-14 21:09:27.000+0000,69.00
2015-06-14 21:14:27.000+0000,67.00
2015-06-14 21:19:27.000+0000,61.00
2015-06-14 21:29:27.000+0000,64.00
2015-06-14 21:34:27.000+0000,70.00
2015-06-14 21:39:27.000+0000,64.00
2015-06-14 21:44:27.000+0000,63.00
2015-06-14 21:54:27.000+0000,66.00
2015-06-14 21:59:27.000+0000,69.00
2015-06-14 22:04:27.000+0000,69.00
2015-06-14 22:09:27.000+0000,70.00
2015-06-14 22:19:27.000+0000,64.00
2015-06-14 22:24:26.000+0000,86.00
2015-06-14 22:29:26.000+0000,83.00
2015-06-14 22:34:26.000+0000,94.00
2015-06-14 22:39:26.000+0000,63.00
2015-06-14 22:44:26.000+0000,69.00
2015-06-14 22:49:26.000+0000,64.00
2015-06-14 23:04:27.000+0000,77.00
2015-06-14 23:09:27.000+0000,67.00
2015-06-14 23:14:27.000+0000,78.00
2015-06-14 23:19:27.000+0000,77.00
2015-06-14 23:24:27.000+0000,70.00
2015-06-14 23:29:27.000+0000,84.00
2015-06-14 23:34:27.000+0000,70.00
2015-06-14 23:39:27.000+0000,65.00
2015-06-14 23:44:27.000+0000,66.00
2015-06-14 23:49:27.000+0000,69.00
2015-06-14 23:54:28.000+0000,78.00
2015-06-14 23:59:27.000+0000,69.00
2015-06-15 00:04:27.000+0000,69.00
2015-06-15 00:09:27.000+0000,63.00
2015-06-15 00:14:27.000+0000,60.00
2015-06-15 00:19:27.000+0000,63.00
2015-06-15 00:24:28.000+0000,66.00
2015-06-15 00:29:27.000+0000,70.00
2015-06-15 00:34:27.000+0000,64.00
2015-06-15 00:49:27.000+0000,66.00
2015-06-15 01:04:27.000+0000,53.00
2015-06-15 01:24:27.000+0000,77.00
2015-06-15 01:29:27.000+0000,52.00
2015-06-15 01:34:27.000+0000,52.00
2015-06-15 01:44:27.000+0000,52.00
2015-06-15 02:04:27.000+0000,58.00
2015-06-15 02:09:27.000+0000,54.00
2015-06-15 02:29:27.000+0000,87.00
2015-06-15 02:44:27.000+0000,63.00
2015-06-15 02:54:27.000+0000,57.00
2015-06-15 02:59:28.000+0000,56.00
2015-06-15 03:04:28.000+0000,55.00
2015-06-15 03:09:28.000+0000,53.00
2015-06-15 03:14:28.000+0000,53.00
2015-06-15 03:29:28.000+0000,66.00
2015-06-15 03:34:28.000+0000,53.00
2015-06-15 03:44:28.000+0000,52.00
2015-06-15 03:49:28.000+0000,54.00
2015-06-15 03:54:28.000+0000,82.00
2015-06-15 03:59:28.000+0000,66.00
2015-06-15 04:04:28.000+0000,53.00
2015-06-15 04:09:28.000+0000,55.00
2015-06-15 04:14:28.000+0000,53.00
2015-06-15 04:19:28.000+0000,53.00
2015-06-15 04:24:28.000+0000,51.00
2015-06-15 04:39:28.000+0000,65.00
2015-06-15 04:44:28.000+0000,59.00
2015-06-15 04:49:28.000+0000,60.00
2015-06-15 04:54:28.000+0000,54.00
2015-06-15 04:59:29.000+0000,137.00
2015-06-15 05:04:29.000+0000,53.00
2015-06-15 05:24:29.000+0000,52.00
2015-06-15 05:49:29.000+0000,52.00
2015-06-15 05:54:29.000+0000,55.00
2015-06-15 05:59:29.000+0000,51.00
2015-06-15 06:04:29.000+0000,55.00
2015-06-15 06:09:29.000+0000,53.00
2015-06-15 06:14:29.000+0000,51.00
2015-06-15 06:29:29.000+0000,56.00
2015-06-15 06:34:30.000+0000,61.00
2015-06-15 06:39:30.000+0000,58.00
2015-06-15 06:44:30.000+0000,52.00
2015-06-15 06:49:30.000+0000,80.00
2015-06-15 06:59:30.000+0000,72.00
2015-06-15 07:04:29.000+0000,59.00
2015-06-15 07:09:29.000+0000,63.00
2015-06-15 07:14:29.000+0000,53.00
2015-06-15 07:19:29.000+0000,52.00
2015-06-15 07:24:29.000+0000,52.00
2015-06-15 07:34:30.000+0000,51.00
2015-06-15 07:39:30.000+0000,55.00
2015-06-15 07:49:30.000+0000,89.00
2015-06-15 07:54:30.000+0000,51.00
2015-06-15 08:04:29.000+0000,53.00
2015-06-15 08:09:29.000+0000,52.00
2015-06-15 08:14:29.000+0000,72.00
2015-06-15 08:19:29.000+0000,60.00
2015-06-15 08:24:29.000+0000,77.00
2015-06-15 08:34:30.000+0000,71.00
2015-06-15 08:39:30.000+0000,107.00
2015-06-15 08:44:30.000+0000,120.00
2015-06-15 08:49:30.000+0000,101.00
2015-06-15 08:54:30.000+0000,80.00
2015-06-15 08:59:30.000+0000,82.00
2015-06-15 09:04:30.000+0000,74.00
2015-06-15 09:09:30.000+0000,87.00
2015-06-15 09:14:30.000+0000,80.00
